Pipeline,Accuracy,Precision,Recall,F1,ROC_AUC
D: Listwise Deletion,0.8164265129682997,0.7348754448398577,0.2685305591677503,0.3933333333333333,0.7270209848589526
A: Median Imputation,0.8097333333333333,0.6779141104294478,0.2664255575647981,0.3825183903072263,0.7187422699115469
B: Linear Regression Imputation,0.8092,0.6753846153846154,0.2646172393007836,0.38025119099177135,0.7188751874441641
C: Non-linear Regression Imputation,0.8090666666666667,0.674347158218126,0.2646172393007836,0.3800865800865801,0.7185197775199921
